{"care": 0.6079664570230608, "fairness": 0.47058823529411764, "loyalty": 0.43529411764705883, "authority": 0.29428044280442806, "sanctity": 0.3141025641025641}