{"precision": {"care": 0.5949612403100775, "fairness": 0.453781512605042, "loyalty": 0.41968911917098445, "authority": 0.2877569258266309, "sanctity": 0.3047337278106509}, "f1": {"care": 0.6435011650288724, "fairness": 0.5504423462939558, "loyalty": 0.4316472114137484, "authority": 0.42775119617224877, "sanctity": 0.3758415079823043}}