{
  "precision": {
    "care": 0.6666666666666666,
    "fairness": 0.37417530631479734,
    "loyalty": 0.18475750577367206,
    "authority": 0.2769058295964126,
    "sanctity": 0.25888324873096447
  },
  "f1": {
    "care": 0.5700483091787439,
    "fairness": 0.5,
    "loyalty": 0.25356576862123614,
    "authority": 0.40032414910859,
    "sanctity": 0.3591549295774648
  },
  "metadata": {
    "threshold": 0.5,
    "mode": "reddits",
    "timestamp": "2024-12-20T15:17:45.127723"
  }
}