{"precision": {"care": 0.6149193548387096, "fairness": 0.5033407572383074, "loyalty": 0.3939393939393939, "authority": 0.4346076458752515, "sanctity": 0.3203463203463203}, "f1": {"care": 0.6288659793814434, "fairness": 0.4626407369498465, "loyalty": 0.4242424242424242, "authority": 0.5142857142857143, "sanctity": 0.36453201970443344}}