{
  "precision": {
    "care": 0.45278450363196127,
    "fairness": 0.41916167664670656,
    "loyalty": 0.17633410672853828,
    "authority": 0.27944111776447106,
    "sanctity": 0.18341708542713567
  },
  "f1": {
    "care": 0.4216459977452086,
    "fairness": 0.4081632653061224,
    "loyalty": 0.24165341812400631,
    "authority": 0.33175355450236965,
    "sanctity": 0.2547993019197208
  },
  "metadata": {
    "threshold": 0.5,
    "mode": "reddits",
    "timestamp": "2025-02-08T21:48:36.604766"
  }
}