{"care": 0.5346715328467153, "fairness": 0.4863013698630137, "loyalty": 0.46296296296296297, "authority": 0.49, "sanctity": 0.4807692307692308}