{"precision": {"care": 0.6964856230031949, "fairness": 0.5189003436426117, "loyalty": 0.35443037974683544, "authority": 0.3587385019710907, "sanctity": 0.3391304347826087}, "f1": {"care": 0.554002541296061, "fairness": 0.5441441441441441, "loyalty": 0.4357976653696498, "authority": 0.4945652173913043, "sanctity": 0.38518518518518513}}